"SE","casos","APS"
201001,1,"AP1"
201001,9,"AP2.1"
201001,2,"AP2.2"
201001,0,"AP3.1"
201001,0,"AP3.2"
201001,1,"AP3.3"
201001,6,"AP4"
201001,0,"AP5.1"
201001,0,"AP5.2"
201001,1,"AP5.3"
201002,0,"AP1"
201002,9,"AP2.1"
201002,3,"AP2.2"
201002,0,"AP3.1"
201002,2,"AP3.2"
201002,3,"AP3.3"
201002,7,"AP4"
201002,0,"AP5.1"
201002,0,"AP5.2"
201002,0,"AP5.3"
201003,0,"AP1"
201003,7,"AP2.1"
201003,2,"AP2.2"
201003,1,"AP3.1"
201003,2,"AP3.2"
201003,1,"AP3.3"
201003,7,"AP4"
201003,0,"AP5.1"
201003,2,"AP5.2"
201003,1,"AP5.3"
201004,2,"AP1"
201004,8,"AP2.1"
201004,1,"AP2.2"
201004,1,"AP3.1"
201004,2,"AP3.2"
201004,3,"AP3.3"
201004,5,"AP4"
201004,2,"AP5.1"
201004,10,"AP5.2"
201004,0,"AP5.3"
201005,1,"AP1"
201005,9,"AP2.1"
201005,5,"AP2.2"
201005,2,"AP3.1"
201005,3,"AP3.2"
201005,2,"AP3.3"
201005,7,"AP4"
201005,2,"AP5.1"
201005,7,"AP5.2"
201005,0,"AP5.3"
201006,5,"AP1"
201006,7,"AP2.1"
201006,1,"AP2.2"
201006,1,"AP3.1"
201006,7,"AP3.2"
201006,2,"AP3.3"
201006,2,"AP4"
201006,1,"AP5.1"
201006,6,"AP5.2"
201006,1,"AP5.3"
201007,3,"AP1"
201007,16,"AP2.1"
201007,5,"AP2.2"
201007,2,"AP3.1"
201007,2,"AP3.2"
201007,4,"AP3.3"
201007,6,"AP4"
201007,0,"AP5.1"
201007,7,"AP5.2"
201007,2,"AP5.3"
201008,6,"AP1"
201008,12,"AP2.1"
201008,4,"AP2.2"
201008,1,"AP3.1"
201008,5,"AP3.2"
201008,4,"AP3.3"
201008,3,"AP4"
201008,8,"AP5.1"
201008,5,"AP5.2"
201008,2,"AP5.3"
201009,3,"AP1"
201009,15,"AP2.1"
201009,1,"AP2.2"
201009,1,"AP3.1"
201009,11,"AP3.2"
201009,7,"AP3.3"
201009,7,"AP4"
201009,5,"AP5.1"
201009,6,"AP5.2"
201009,1,"AP5.3"
201010,3,"AP1"
201010,7,"AP2.1"
201010,4,"AP2.2"
201010,3,"AP3.1"
201010,2,"AP3.2"
201010,7,"AP3.3"
201010,9,"AP4"
201010,2,"AP5.1"
201010,6,"AP5.2"
201010,2,"AP5.3"
201011,2,"AP1"
201011,11,"AP2.1"
201011,2,"AP2.2"
201011,1,"AP3.1"
201011,4,"AP3.2"
201011,5,"AP3.3"
201011,8,"AP4"
201011,1,"AP5.1"
201011,11,"AP5.2"
201011,2,"AP5.3"
201012,5,"AP1"
201012,17,"AP2.1"
201012,3,"AP2.2"
201012,4,"AP3.1"
201012,4,"AP3.2"
201012,7,"AP3.3"
201012,16,"AP4"
201012,7,"AP5.1"
201012,6,"AP5.2"
201012,1,"AP5.3"
201013,4,"AP1"
201013,11,"AP2.1"
201013,1,"AP2.2"
201013,3,"AP3.1"
201013,3,"AP3.2"
201013,2,"AP3.3"
201013,12,"AP4"
201013,4,"AP5.1"
201013,4,"AP5.2"
201013,1,"AP5.3"
201014,4,"AP1"
201014,8,"AP2.1"
201014,2,"AP2.2"
201014,3,"AP3.1"
201014,6,"AP3.2"
201014,2,"AP3.3"
201014,6,"AP4"
201014,4,"AP5.1"
201014,5,"AP5.2"
201014,1,"AP5.3"
201015,2,"AP1"
201015,11,"AP2.1"
201015,3,"AP2.2"
201015,2,"AP3.1"
201015,5,"AP3.2"
201015,3,"AP3.3"
201015,14,"AP4"
201015,3,"AP5.1"
201015,6,"AP5.2"
201015,1,"AP5.3"
201016,1,"AP1"
201016,15,"AP2.1"
201016,2,"AP2.2"
201016,5,"AP3.1"
201016,4,"AP3.2"
201016,2,"AP3.3"
201016,9,"AP4"
201016,2,"AP5.1"
201016,14,"AP5.2"
201016,3,"AP5.3"
201017,10,"AP1"
201017,12,"AP2.1"
201017,9,"AP2.2"
201017,4,"AP3.1"
201017,8,"AP3.2"
201017,7,"AP3.3"
201017,22,"AP4"
201017,0,"AP5.1"
201017,11,"AP5.2"
201017,0,"AP5.3"
201018,7,"AP1"
201018,13,"AP2.1"
201018,14,"AP2.2"
201018,4,"AP3.1"
201018,11,"AP3.2"
201018,8,"AP3.3"
201018,10,"AP4"
201018,8,"AP5.1"
201018,15,"AP5.2"
201018,4,"AP5.3"
201019,8,"AP1"
201019,13,"AP2.1"
201019,5,"AP2.2"
201019,3,"AP3.1"
201019,5,"AP3.2"
201019,10,"AP3.3"
201019,7,"AP4"
201019,5,"AP5.1"
201019,2,"AP5.2"
201019,3,"AP5.3"
201020,4,"AP1"
201020,25,"AP2.1"
201020,8,"AP2.2"
201020,1,"AP3.1"
201020,4,"AP3.2"
201020,8,"AP3.3"
201020,10,"AP4"
201020,4,"AP5.1"
201020,7,"AP5.2"
201020,0,"AP5.3"
201021,3,"AP1"
201021,9,"AP2.1"
201021,8,"AP2.2"
201021,5,"AP3.1"
201021,8,"AP3.2"
201021,8,"AP3.3"
201021,11,"AP4"
201021,2,"AP5.1"
201021,6,"AP5.2"
201021,2,"AP5.3"
201022,2,"AP1"
201022,11,"AP2.1"
201022,7,"AP2.2"
201022,2,"AP3.1"
201022,2,"AP3.2"
201022,4,"AP3.3"
201022,12,"AP4"
201022,5,"AP5.1"
201022,8,"AP5.2"
201022,4,"AP5.3"
201023,0,"AP1"
201023,4,"AP2.1"
201023,3,"AP2.2"
201023,2,"AP3.1"
201023,4,"AP3.2"
201023,3,"AP3.3"
201023,5,"AP4"
201023,2,"AP5.1"
201023,6,"AP5.2"
201023,3,"AP5.3"
201024,6,"AP1"
201024,10,"AP2.1"
201024,6,"AP2.2"
201024,2,"AP3.1"
201024,9,"AP3.2"
201024,9,"AP3.3"
201024,6,"AP4"
201024,5,"AP5.1"
201024,9,"AP5.2"
201024,0,"AP5.3"
201025,4,"AP1"
201025,3,"AP2.1"
201025,1,"AP2.2"
201025,1,"AP3.1"
201025,7,"AP3.2"
201025,5,"AP3.3"
201025,11,"AP4"
201025,6,"AP5.1"
201025,2,"AP5.2"
201025,1,"AP5.3"
201026,1,"AP1"
201026,7,"AP2.1"
201026,6,"AP2.2"
201026,2,"AP3.1"
201026,7,"AP3.2"
201026,9,"AP3.3"
201026,5,"AP4"
201026,7,"AP5.1"
201026,5,"AP5.2"
201026,2,"AP5.3"
201027,3,"AP1"
201027,10,"AP2.1"
201027,2,"AP2.2"
201027,4,"AP3.1"
201027,6,"AP3.2"
201027,13,"AP3.3"
201027,8,"AP4"
201027,9,"AP5.1"
201027,8,"AP5.2"
201027,1,"AP5.3"
201028,2,"AP1"
201028,9,"AP2.1"
201028,1,"AP2.2"
201028,5,"AP3.1"
201028,3,"AP3.2"
201028,9,"AP3.3"
201028,7,"AP4"
201028,9,"AP5.1"
201028,5,"AP5.2"
201028,4,"AP5.3"
201029,4,"AP1"
201029,13,"AP2.1"
201029,2,"AP2.2"
201029,3,"AP3.1"
201029,4,"AP3.2"
201029,4,"AP3.3"
201029,9,"AP4"
201029,5,"AP5.1"
201029,4,"AP5.2"
201029,1,"AP5.3"
201030,4,"AP1"
201030,17,"AP2.1"
201030,1,"AP2.2"
201030,7,"AP3.1"
201030,11,"AP3.2"
201030,12,"AP3.3"
201030,6,"AP4"
201030,12,"AP5.1"
201030,16,"AP5.2"
201030,2,"AP5.3"
201031,5,"AP1"
201031,12,"AP2.1"
201031,8,"AP2.2"
201031,5,"AP3.1"
201031,9,"AP3.2"
201031,6,"AP3.3"
201031,12,"AP4"
201031,13,"AP5.1"
201031,12,"AP5.2"
201031,2,"AP5.3"
201032,4,"AP1"
201032,15,"AP2.1"
201032,2,"AP2.2"
201032,4,"AP3.1"
201032,6,"AP3.2"
201032,11,"AP3.3"
201032,7,"AP4"
201032,12,"AP5.1"
201032,12,"AP5.2"
201032,0,"AP5.3"
201033,3,"AP1"
201033,6,"AP2.1"
201033,2,"AP2.2"
201033,6,"AP3.1"
201033,3,"AP3.2"
201033,4,"AP3.3"
201033,8,"AP4"
201033,3,"AP5.1"
201033,14,"AP5.2"
201033,0,"AP5.3"
201034,1,"AP1"
201034,9,"AP2.1"
201034,4,"AP2.2"
201034,2,"AP3.1"
201034,8,"AP3.2"
201034,11,"AP3.3"
201034,9,"AP4"
201034,3,"AP5.1"
201034,6,"AP5.2"
201034,0,"AP5.3"
201035,2,"AP1"
201035,14,"AP2.1"
201035,3,"AP2.2"
201035,3,"AP3.1"
201035,1,"AP3.2"
201035,1,"AP3.3"
201035,2,"AP4"
201035,2,"AP5.1"
201035,6,"AP5.2"
201035,1,"AP5.3"
201036,4,"AP1"
201036,5,"AP2.1"
201036,3,"AP2.2"
201036,2,"AP3.1"
201036,5,"AP3.2"
201036,3,"AP3.3"
201036,4,"AP4"
201036,3,"AP5.1"
201036,4,"AP5.2"
201036,2,"AP5.3"
201037,2,"AP1"
201037,1,"AP2.1"
201037,4,"AP2.2"
201037,6,"AP3.1"
201037,5,"AP3.2"
201037,1,"AP3.3"
201037,10,"AP4"
201037,6,"AP5.1"
201037,7,"AP5.2"
201037,3,"AP5.3"
201038,2,"AP1"
201038,6,"AP2.1"
201038,2,"AP2.2"
201038,1,"AP3.1"
201038,9,"AP3.2"
201038,1,"AP3.3"
201038,4,"AP4"
201038,4,"AP5.1"
201038,2,"AP5.2"
201038,0,"AP5.3"
201039,0,"AP1"
201039,4,"AP2.1"
201039,5,"AP2.2"
201039,3,"AP3.1"
201039,2,"AP3.2"
201039,3,"AP3.3"
201039,4,"AP4"
201039,2,"AP5.1"
201039,2,"AP5.2"
201039,1,"AP5.3"
201040,2,"AP1"
201040,2,"AP2.1"
201040,3,"AP2.2"
201040,1,"AP3.1"
201040,2,"AP3.2"
201040,5,"AP3.3"
201040,2,"AP4"
201040,2,"AP5.1"
201040,8,"AP5.2"
201040,0,"AP5.3"
201041,3,"AP1"
201041,1,"AP2.1"
201041,2,"AP2.2"
201041,5,"AP3.1"
201041,5,"AP3.2"
201041,3,"AP3.3"
201041,4,"AP4"
201041,2,"AP5.1"
201041,2,"AP5.2"
201041,2,"AP5.3"
201042,1,"AP1"
201042,9,"AP2.1"
201042,3,"AP2.2"
201042,2,"AP3.1"
201042,2,"AP3.2"
201042,6,"AP3.3"
201042,3,"AP4"
201042,2,"AP5.1"
201042,0,"AP5.2"
201042,0,"AP5.3"
201043,6,"AP1"
201043,10,"AP2.1"
201043,3,"AP2.2"
201043,0,"AP3.1"
201043,2,"AP3.2"
201043,4,"AP3.3"
201043,6,"AP4"
201043,0,"AP5.1"
201043,2,"AP5.2"
201043,1,"AP5.3"
201044,2,"AP1"
201044,11,"AP2.1"
201044,3,"AP2.2"
201044,2,"AP3.1"
201044,2,"AP3.2"
201044,4,"AP3.3"
201044,11,"AP4"
201044,2,"AP5.1"
201044,4,"AP5.2"
201044,3,"AP5.3"
201045,1,"AP1"
201045,11,"AP2.1"
201045,5,"AP2.2"
201045,3,"AP3.1"
201045,1,"AP3.2"
201045,13,"AP3.3"
201045,9,"AP4"
201045,3,"AP5.1"
201045,1,"AP5.2"
201045,3,"AP5.3"
201046,4,"AP1"
201046,11,"AP2.1"
201046,3,"AP2.2"
201046,3,"AP3.1"
201046,6,"AP3.2"
201046,6,"AP3.3"
201046,8,"AP4"
201046,1,"AP5.1"
201046,7,"AP5.2"
201046,5,"AP5.3"
201047,5,"AP1"
201047,14,"AP2.1"
201047,7,"AP2.2"
201047,4,"AP3.1"
201047,6,"AP3.2"
201047,13,"AP3.3"
201047,6,"AP4"
201047,4,"AP5.1"
201047,10,"AP5.2"
201047,6,"AP5.3"
201048,6,"AP1"
201048,24,"AP2.1"
201048,3,"AP2.2"
201048,7,"AP3.1"
201048,8,"AP3.2"
201048,23,"AP3.3"
201048,14,"AP4"
201048,7,"AP5.1"
201048,3,"AP5.2"
201048,7,"AP5.3"
201049,6,"AP1"
201049,23,"AP2.1"
201049,4,"AP2.2"
201049,11,"AP3.1"
201049,10,"AP3.2"
201049,21,"AP3.3"
201049,6,"AP4"
201049,7,"AP5.1"
201049,14,"AP5.2"
201049,10,"AP5.3"
201050,10,"AP1"
201050,25,"AP2.1"
201050,7,"AP2.2"
201050,13,"AP3.1"
201050,19,"AP3.2"
201050,27,"AP3.3"
201050,12,"AP4"
201050,7,"AP5.1"
201050,10,"AP5.2"
201050,13,"AP5.3"
201051,4,"AP1"
201051,20,"AP2.1"
201051,8,"AP2.2"
201051,6,"AP3.1"
201051,6,"AP3.2"
201051,28,"AP3.3"
201051,20,"AP4"
201051,6,"AP5.1"
201051,12,"AP5.2"
201051,10,"AP5.3"
201052,8,"AP1"
201052,28,"AP2.1"
201052,6,"AP2.2"
201052,6,"AP3.1"
201052,6,"AP3.2"
201052,29,"AP3.3"
201052,15,"AP4"
201052,12,"AP5.1"
201052,19,"AP5.2"
201052,10,"AP5.3"
201101,17,"AP1"
201101,17,"AP2.1"
201101,14,"AP2.2"
201101,13,"AP3.1"
201101,12,"AP3.2"
201101,42,"AP3.3"
201101,19,"AP4"
201101,17,"AP5.1"
201101,36,"AP5.2"
201101,18,"AP5.3"
201102,31,"AP1"
201102,33,"AP2.1"
201102,15,"AP2.2"
201102,15,"AP3.1"
201102,17,"AP3.2"
201102,36,"AP3.3"
201102,23,"AP4"
201102,14,"AP5.1"
201102,48,"AP5.2"
201102,37,"AP5.3"
201103,22,"AP1"
201103,28,"AP2.1"
201103,12,"AP2.2"
201103,16,"AP3.1"
201103,11,"AP3.2"
201103,46,"AP3.3"
201103,33,"AP4"
201103,28,"AP5.1"
201103,36,"AP5.2"
201103,37,"AP5.3"
201104,47,"AP1"
201104,49,"AP2.1"
201104,26,"AP2.2"
201104,20,"AP3.1"
201104,35,"AP3.2"
201104,78,"AP3.3"
201104,59,"AP4"
201104,40,"AP5.1"
201104,65,"AP5.2"
201104,42,"AP5.3"
201105,74,"AP1"
201105,84,"AP2.1"
201105,36,"AP2.2"
201105,38,"AP3.1"
201105,46,"AP3.2"
201105,134,"AP3.3"
201105,80,"AP4"
201105,72,"AP5.1"
201105,106,"AP5.2"
201105,70,"AP5.3"
201106,87,"AP1"
201106,98,"AP2.1"
201106,55,"AP2.2"
201106,39,"AP3.1"
201106,55,"AP3.2"
201106,212,"AP3.3"
201106,132,"AP4"
201106,151,"AP5.1"
201106,171,"AP5.2"
201106,112,"AP5.3"
201107,123,"AP1"
201107,189,"AP2.1"
201107,62,"AP2.2"
201107,73,"AP3.1"
201107,79,"AP3.2"
201107,258,"AP3.3"
201107,189,"AP4"
201107,193,"AP5.1"
201107,130,"AP5.2"
201107,136,"AP5.3"
201108,137,"AP1"
201108,180,"AP2.1"
201108,69,"AP2.2"
201108,122,"AP3.1"
201108,83,"AP3.2"
201108,220,"AP3.3"
201108,174,"AP4"
201108,288,"AP5.1"
201108,151,"AP5.2"
201108,97,"AP5.3"
201109,126,"AP1"
201109,232,"AP2.1"
201109,58,"AP2.2"
201109,79,"AP3.1"
201109,57,"AP3.2"
201109,190,"AP3.3"
201109,207,"AP4"
201109,231,"AP5.1"
201109,130,"AP5.2"
201109,83,"AP5.3"
201110,120,"AP1"
201110,288,"AP2.1"
201110,51,"AP2.2"
201110,75,"AP3.1"
201110,56,"AP3.2"
201110,247,"AP3.3"
201110,232,"AP4"
201110,226,"AP5.1"
201110,141,"AP5.2"
201110,73,"AP5.3"
201111,168,"AP1"
201111,440,"AP2.1"
201111,90,"AP2.2"
201111,143,"AP3.1"
201111,90,"AP3.2"
201111,313,"AP3.3"
201111,338,"AP4"
201111,396,"AP5.1"
201111,355,"AP5.2"
201111,187,"AP5.3"
201112,264,"AP1"
201112,519,"AP2.1"
201112,179,"AP2.2"
201112,175,"AP3.1"
201112,202,"AP3.2"
201112,454,"AP3.3"
201112,505,"AP4"
201112,603,"AP5.1"
201112,704,"AP5.2"
201112,307,"AP5.3"
201113,264,"AP1"
201113,535,"AP2.1"
201113,191,"AP2.2"
201113,310,"AP3.1"
201113,193,"AP3.2"
201113,436,"AP3.3"
201113,521,"AP4"
201113,607,"AP5.1"
201113,851,"AP5.2"
201113,391,"AP5.3"
201114,298,"AP1"
201114,637,"AP2.1"
201114,300,"AP2.2"
201114,410,"AP3.1"
201114,236,"AP3.2"
201114,569,"AP3.3"
201114,631,"AP4"
201114,672,"AP5.1"
201114,918,"AP5.2"
201114,501,"AP5.3"
201115,282,"AP1"
201115,424,"AP2.1"
201115,285,"AP2.2"
201115,256,"AP3.1"
201115,171,"AP3.2"
201115,461,"AP3.3"
201115,459,"AP4"
201115,542,"AP5.1"
201115,1013,"AP5.2"
201115,512,"AP5.3"
201116,162,"AP1"
201116,265,"AP2.1"
201116,240,"AP2.2"
201116,184,"AP3.1"
201116,183,"AP3.2"
201116,409,"AP3.3"
201116,443,"AP4"
201116,611,"AP5.1"
201116,842,"AP5.2"
201116,340,"AP5.3"
201117,152,"AP1"
201117,333,"AP2.1"
201117,235,"AP2.2"
201117,197,"AP3.1"
201117,169,"AP3.2"
201117,418,"AP3.3"
201117,526,"AP4"
201117,674,"AP5.1"
201117,953,"AP5.2"
201117,321,"AP5.3"
201118,169,"AP1"
201118,276,"AP2.1"
201118,228,"AP2.2"
201118,159,"AP3.1"
201118,138,"AP3.2"
201118,314,"AP3.3"
201118,424,"AP4"
201118,425,"AP5.1"
201118,745,"AP5.2"
201118,322,"AP5.3"
201119,110,"AP1"
201119,257,"AP2.1"
201119,158,"AP2.2"
201119,137,"AP3.1"
201119,103,"AP3.2"
201119,278,"AP3.3"
201119,398,"AP4"
201119,500,"AP5.1"
201119,594,"AP5.2"
201119,296,"AP5.3"
201120,89,"AP1"
201120,190,"AP2.1"
201120,122,"AP2.2"
201120,80,"AP3.1"
201120,79,"AP3.2"
201120,258,"AP3.3"
201120,351,"AP4"
201120,382,"AP5.1"
201120,467,"AP5.2"
201120,245,"AP5.3"
201121,58,"AP1"
201121,80,"AP2.1"
201121,96,"AP2.2"
201121,64,"AP3.1"
201121,55,"AP3.2"
201121,151,"AP3.3"
201121,262,"AP4"
201121,298,"AP5.1"
201121,367,"AP5.2"
201121,213,"AP5.3"
201122,32,"AP1"
201122,114,"AP2.1"
201122,72,"AP2.2"
201122,51,"AP3.1"
201122,56,"AP3.2"
201122,165,"AP3.3"
201122,235,"AP4"
201122,260,"AP5.1"
201122,325,"AP5.2"
201122,150,"AP5.3"
201123,19,"AP1"
201123,100,"AP2.1"
201123,37,"AP2.2"
201123,34,"AP3.1"
201123,57,"AP3.2"
201123,121,"AP3.3"
201123,116,"AP4"
201123,129,"AP5.1"
201123,195,"AP5.2"
201123,111,"AP5.3"
201124,7,"AP1"
201124,85,"AP2.1"
201124,26,"AP2.2"
201124,22,"AP3.1"
201124,47,"AP3.2"
201124,83,"AP3.3"
201124,82,"AP4"
201124,110,"AP5.1"
201124,141,"AP5.2"
201124,84,"AP5.3"
201125,10,"AP1"
201125,47,"AP2.1"
201125,19,"AP2.2"
201125,21,"AP3.1"
201125,27,"AP3.2"
201125,82,"AP3.3"
201125,57,"AP4"
201125,47,"AP5.1"
201125,70,"AP5.2"
201125,50,"AP5.3"
201126,9,"AP1"
201126,52,"AP2.1"
201126,21,"AP2.2"
201126,13,"AP3.1"
201126,28,"AP3.2"
201126,55,"AP3.3"
201126,65,"AP4"
201126,25,"AP5.1"
201126,63,"AP5.2"
201126,26,"AP5.3"
201127,5,"AP1"
201127,36,"AP2.1"
201127,15,"AP2.2"
201127,12,"AP3.1"
201127,14,"AP3.2"
201127,39,"AP3.3"
201127,40,"AP4"
201127,44,"AP5.1"
201127,31,"AP5.2"
201127,18,"AP5.3"
201128,12,"AP1"
201128,33,"AP2.1"
201128,8,"AP2.2"
201128,12,"AP3.1"
201128,16,"AP3.2"
201128,31,"AP3.3"
201128,38,"AP4"
201128,21,"AP5.1"
201128,30,"AP5.2"
201128,12,"AP5.3"
201129,11,"AP1"
201129,11,"AP2.1"
201129,7,"AP2.2"
201129,4,"AP3.1"
201129,18,"AP3.2"
201129,21,"AP3.3"
201129,35,"AP4"
201129,20,"AP5.1"
201129,33,"AP5.2"
201129,2,"AP5.3"
201130,5,"AP1"
201130,26,"AP2.1"
201130,8,"AP2.2"
201130,6,"AP3.1"
201130,14,"AP3.2"
201130,19,"AP3.3"
201130,24,"AP4"
201130,15,"AP5.1"
201130,24,"AP5.2"
201130,3,"AP5.3"
201131,1,"AP1"
201131,10,"AP2.1"
201131,1,"AP2.2"
201131,4,"AP3.1"
201131,7,"AP3.2"
201131,15,"AP3.3"
201131,20,"AP4"
201131,17,"AP5.1"
201131,26,"AP5.2"
201131,10,"AP5.3"
201132,6,"AP1"
201132,9,"AP2.1"
201132,2,"AP2.2"
201132,10,"AP3.1"
201132,11,"AP3.2"
201132,9,"AP3.3"
201132,21,"AP4"
201132,25,"AP5.1"
201132,20,"AP5.2"
201132,7,"AP5.3"
201133,3,"AP1"
201133,25,"AP2.1"
201133,1,"AP2.2"
201133,3,"AP3.1"
201133,3,"AP3.2"
201133,21,"AP3.3"
201133,22,"AP4"
201133,15,"AP5.1"
201133,22,"AP5.2"
201133,9,"AP5.3"
201134,3,"AP1"
201134,13,"AP2.1"
201134,3,"AP2.2"
201134,1,"AP3.1"
201134,5,"AP3.2"
201134,15,"AP3.3"
201134,16,"AP4"
201134,14,"AP5.1"
201134,16,"AP5.2"
201134,6,"AP5.3"
201135,2,"AP1"
201135,9,"AP2.1"
201135,1,"AP2.2"
201135,2,"AP3.1"
201135,3,"AP3.2"
201135,12,"AP3.3"
201135,22,"AP4"
201135,8,"AP5.1"
201135,19,"AP5.2"
201135,4,"AP5.3"
201136,2,"AP1"
201136,16,"AP2.1"
201136,4,"AP2.2"
201136,3,"AP3.1"
201136,9,"AP3.2"
201136,19,"AP3.3"
201136,13,"AP4"
201136,11,"AP5.1"
201136,17,"AP5.2"
201136,14,"AP5.3"
201137,0,"AP1"
201137,15,"AP2.1"
201137,2,"AP2.2"
201137,5,"AP3.1"
201137,1,"AP3.2"
201137,14,"AP3.3"
201137,20,"AP4"
201137,20,"AP5.1"
201137,18,"AP5.2"
201137,3,"AP5.3"
201138,9,"AP1"
201138,15,"AP2.1"
201138,11,"AP2.2"
201138,13,"AP3.1"
201138,5,"AP3.2"
201138,22,"AP3.3"
201138,24,"AP4"
201138,26,"AP5.1"
201138,32,"AP5.2"
201138,5,"AP5.3"
201139,6,"AP1"
201139,21,"AP2.1"
201139,5,"AP2.2"
201139,10,"AP3.1"
201139,10,"AP3.2"
201139,23,"AP3.3"
201139,16,"AP4"
201139,39,"AP5.1"
201139,38,"AP5.2"
201139,7,"AP5.3"
201140,5,"AP1"
201140,25,"AP2.1"
201140,6,"AP2.2"
201140,5,"AP3.1"
201140,13,"AP3.2"
201140,18,"AP3.3"
201140,15,"AP4"
201140,54,"AP5.1"
201140,27,"AP5.2"
201140,5,"AP5.3"
201141,9,"AP1"
201141,19,"AP2.1"
201141,12,"AP2.2"
201141,3,"AP3.1"
201141,13,"AP3.2"
201141,21,"AP3.3"
201141,39,"AP4"
201141,30,"AP5.1"
201141,35,"AP5.2"
201141,13,"AP5.3"
201142,8,"AP1"
201142,32,"AP2.1"
201142,12,"AP2.2"
201142,7,"AP3.1"
201142,12,"AP3.2"
201142,10,"AP3.3"
201142,23,"AP4"
201142,33,"AP5.1"
201142,28,"AP5.2"
201142,14,"AP5.3"
201143,10,"AP1"
201143,33,"AP2.1"
201143,19,"AP2.2"
201143,24,"AP3.1"
201143,12,"AP3.2"
201143,16,"AP3.3"
201143,30,"AP4"
201143,30,"AP5.1"
201143,47,"AP5.2"
201143,11,"AP5.3"
201144,10,"AP1"
201144,21,"AP2.1"
201144,7,"AP2.2"
201144,14,"AP3.1"
201144,14,"AP3.2"
201144,31,"AP3.3"
201144,34,"AP4"
201144,36,"AP5.1"
201144,36,"AP5.2"
201144,15,"AP5.3"
201145,10,"AP1"
201145,32,"AP2.1"
201145,15,"AP2.2"
201145,31,"AP3.1"
201145,31,"AP3.2"
201145,46,"AP3.3"
201145,58,"AP4"
201145,34,"AP5.1"
201145,32,"AP5.2"
201145,15,"AP5.3"
201146,11,"AP1"
201146,43,"AP2.1"
201146,6,"AP2.2"
201146,16,"AP3.1"
201146,30,"AP3.2"
201146,36,"AP3.3"
201146,46,"AP4"
201146,10,"AP5.1"
201146,36,"AP5.2"
201146,18,"AP5.3"
201147,16,"AP1"
201147,43,"AP2.1"
201147,14,"AP2.2"
201147,51,"AP3.1"
201147,30,"AP3.2"
201147,61,"AP3.3"
201147,53,"AP4"
201147,36,"AP5.1"
201147,78,"AP5.2"
201147,19,"AP5.3"
201148,16,"AP1"
201148,61,"AP2.1"
201148,10,"AP2.2"
201148,35,"AP3.1"
201148,22,"AP3.2"
201148,58,"AP3.3"
201148,45,"AP4"
201148,44,"AP5.1"
201148,109,"AP5.2"
201148,18,"AP5.3"
201149,23,"AP1"
201149,62,"AP2.1"
201149,15,"AP2.2"
201149,54,"AP3.1"
201149,36,"AP3.2"
201149,61,"AP3.3"
201149,48,"AP4"
201149,92,"AP5.1"
201149,86,"AP5.2"
201149,25,"AP5.3"
201150,25,"AP1"
201150,82,"AP2.1"
201150,22,"AP2.2"
201150,64,"AP3.1"
201150,44,"AP3.2"
201150,83,"AP3.3"
201150,55,"AP4"
201150,137,"AP5.1"
201150,54,"AP5.2"
201150,15,"AP5.3"
201151,19,"AP1"
201151,69,"AP2.1"
201151,22,"AP2.2"
201151,60,"AP3.1"
201151,24,"AP3.2"
201151,76,"AP3.3"
201151,37,"AP4"
201151,154,"AP5.1"
201151,35,"AP5.2"
201151,16,"AP5.3"
201152,26,"AP1"
201152,80,"AP2.1"
201152,25,"AP2.2"
201152,49,"AP3.1"
201152,24,"AP3.2"
201152,122,"AP3.3"
201152,33,"AP4"
201152,123,"AP5.1"
201152,40,"AP5.2"
201152,13,"AP5.3"
201201,36,"AP1"
201201,92,"AP2.1"
201201,43,"AP2.2"
201201,80,"AP3.1"
201201,61,"AP3.2"
201201,172,"AP3.3"
201201,76,"AP4"
201201,182,"AP5.1"
201201,75,"AP5.2"
201201,44,"AP5.3"
201202,36,"AP1"
201202,114,"AP2.1"
201202,36,"AP2.2"
201202,80,"AP3.1"
201202,52,"AP3.2"
201202,227,"AP3.3"
201202,100,"AP4"
201202,193,"AP5.1"
201202,98,"AP5.2"
201202,42,"AP5.3"
201203,45,"AP1"
201203,129,"AP2.1"
201203,35,"AP2.2"
201203,90,"AP3.1"
201203,89,"AP3.2"
201203,399,"AP3.3"
201203,127,"AP4"
201203,229,"AP5.1"
201203,104,"AP5.2"
201203,33,"AP5.3"
201204,52,"AP1"
201204,161,"AP2.1"
201204,39,"AP2.2"
201204,88,"AP3.1"
201204,97,"AP3.2"
201204,396,"AP3.3"
201204,138,"AP4"
201204,295,"AP5.1"
201204,157,"AP5.2"
201204,36,"AP5.3"
201205,72,"AP1"
201205,130,"AP2.1"
201205,54,"AP2.2"
201205,127,"AP3.1"
201205,127,"AP3.2"
201205,445,"AP3.3"
201205,121,"AP4"
201205,360,"AP5.1"
201205,211,"AP5.2"
201205,38,"AP5.3"
201206,73,"AP1"
201206,136,"AP2.1"
201206,55,"AP2.2"
201206,137,"AP3.1"
201206,217,"AP3.2"
201206,554,"AP3.3"
201206,144,"AP4"
201206,435,"AP5.1"
201206,238,"AP5.2"
201206,36,"AP5.3"
201207,56,"AP1"
201207,142,"AP2.1"
201207,64,"AP2.2"
201207,147,"AP3.1"
201207,212,"AP3.2"
201207,833,"AP3.3"
201207,202,"AP4"
201207,548,"AP5.1"
201207,231,"AP5.2"
201207,45,"AP5.3"
201208,113,"AP1"
201208,185,"AP2.1"
201208,65,"AP2.2"
201208,190,"AP3.1"
201208,264,"AP3.2"
201208,832,"AP3.3"
201208,277,"AP4"
201208,684,"AP5.1"
201208,280,"AP5.2"
201208,73,"AP5.3"
201209,144,"AP1"
201209,225,"AP2.1"
201209,100,"AP2.2"
201209,257,"AP3.1"
201209,357,"AP3.2"
201209,1231,"AP3.3"
201209,287,"AP4"
201209,1096,"AP5.1"
201209,449,"AP5.2"
201209,89,"AP5.3"
201210,150,"AP1"
201210,264,"AP2.1"
201210,142,"AP2.2"
201210,318,"AP3.1"
201210,392,"AP3.2"
201210,1261,"AP3.3"
201210,409,"AP4"
201210,1313,"AP5.1"
201210,614,"AP5.2"
201210,104,"AP5.3"
201211,147,"AP1"
201211,279,"AP2.1"
201211,124,"AP2.2"
201211,375,"AP3.1"
201211,420,"AP3.2"
201211,1120,"AP3.3"
201211,376,"AP4"
201211,1313,"AP5.1"
201211,583,"AP5.2"
201211,122,"AP5.3"
201212,149,"AP1"
201212,259,"AP2.1"
201212,129,"AP2.2"
201212,475,"AP3.1"
201212,547,"AP3.2"
201212,1230,"AP3.3"
201212,518,"AP4"
201212,1523,"AP5.1"
201212,828,"AP5.2"
201212,150,"AP5.3"
201213,161,"AP1"
201213,280,"AP2.1"
201213,206,"AP2.2"
201213,480,"AP3.1"
201213,606,"AP3.2"
201213,1241,"AP3.3"
201213,565,"AP4"
201213,1725,"AP5.1"
201213,715,"AP5.2"
201213,150,"AP5.3"
201214,183,"AP1"
201214,326,"AP2.1"
201214,198,"AP2.2"
201214,375,"AP3.1"
201214,586,"AP3.2"
201214,1187,"AP3.3"
201214,519,"AP4"
201214,1951,"AP5.1"
201214,727,"AP5.2"
201214,191,"AP5.3"
201215,252,"AP1"
201215,371,"AP2.1"
201215,224,"AP2.2"
201215,514,"AP3.1"
201215,680,"AP3.2"
201215,1447,"AP3.3"
201215,529,"AP4"
201215,2300,"AP5.1"
201215,863,"AP5.2"
201215,345,"AP5.3"
201216,244,"AP1"
201216,486,"AP2.1"
201216,244,"AP2.2"
201216,569,"AP3.1"
201216,801,"AP3.2"
201216,1745,"AP3.3"
201216,600,"AP4"
201216,2618,"AP5.1"
201216,965,"AP5.2"
201216,372,"AP5.3"
201217,283,"AP1"
201217,573,"AP2.1"
201217,259,"AP2.2"
201217,615,"AP3.1"
201217,849,"AP3.2"
201217,1659,"AP3.3"
201217,451,"AP4"
201217,2404,"AP5.1"
201217,872,"AP5.2"
201217,336,"AP5.3"
201218,253,"AP1"
201218,509,"AP2.1"
201218,290,"AP2.2"
201218,550,"AP3.1"
201218,861,"AP3.2"
201218,1442,"AP3.3"
201218,507,"AP4"
201218,1436,"AP5.1"
201218,710,"AP5.2"
201218,416,"AP5.3"
201219,250,"AP1"
201219,504,"AP2.1"
201219,243,"AP2.2"
201219,602,"AP3.1"
201219,804,"AP3.2"
201219,1285,"AP3.3"
201219,466,"AP4"
201219,1295,"AP5.1"
201219,643,"AP5.2"
201219,304,"AP5.3"
201220,264,"AP1"
201220,576,"AP2.1"
201220,213,"AP2.2"
201220,558,"AP3.1"
201220,772,"AP3.2"
201220,1059,"AP3.3"
201220,449,"AP4"
201220,1103,"AP5.1"
201220,463,"AP5.2"
201220,226,"AP5.3"
201221,243,"AP1"
201221,570,"AP2.1"
201221,203,"AP2.2"
201221,435,"AP3.1"
201221,638,"AP3.2"
201221,1057,"AP3.3"
201221,340,"AP4"
201221,910,"AP5.1"
201221,440,"AP5.2"
201221,174,"AP5.3"
201222,138,"AP1"
201222,409,"AP2.1"
201222,204,"AP2.2"
201222,338,"AP3.1"
201222,574,"AP3.2"
201222,907,"AP3.3"
201222,266,"AP4"
201222,676,"AP5.1"
201222,356,"AP5.2"
201222,170,"AP5.3"
201223,116,"AP1"
201223,315,"AP2.1"
201223,137,"AP2.2"
201223,314,"AP3.1"
201223,466,"AP3.2"
201223,579,"AP3.3"
201223,234,"AP4"
201223,474,"AP5.1"
201223,268,"AP5.2"
201223,138,"AP5.3"
201224,93,"AP1"
201224,282,"AP2.1"
201224,141,"AP2.2"
201224,244,"AP3.1"
201224,307,"AP3.2"
201224,497,"AP3.3"
201224,197,"AP4"
201224,382,"AP5.1"
201224,219,"AP5.2"
201224,86,"AP5.3"
201225,54,"AP1"
201225,174,"AP2.1"
201225,100,"AP2.2"
201225,152,"AP3.1"
201225,238,"AP3.2"
201225,376,"AP3.3"
201225,138,"AP4"
201225,270,"AP5.1"
201225,133,"AP5.2"
201225,74,"AP5.3"
201226,37,"AP1"
201226,166,"AP2.1"
201226,57,"AP2.2"
201226,158,"AP3.1"
201226,146,"AP3.2"
201226,250,"AP3.3"
201226,89,"AP4"
201226,196,"AP5.1"
201226,83,"AP5.2"
201226,44,"AP5.3"
201227,58,"AP1"
201227,135,"AP2.1"
201227,67,"AP2.2"
201227,110,"AP3.1"
201227,103,"AP3.2"
201227,195,"AP3.3"
201227,56,"AP4"
201227,125,"AP5.1"
201227,37,"AP5.2"
201227,38,"AP5.3"
201228,37,"AP1"
201228,125,"AP2.1"
201228,37,"AP2.2"
201228,90,"AP3.1"
201228,58,"AP3.2"
201228,108,"AP3.3"
201228,28,"AP4"
201228,88,"AP5.1"
201228,28,"AP5.2"
201228,5,"AP5.3"
201229,21,"AP1"
201229,61,"AP2.1"
201229,29,"AP2.2"
201229,52,"AP3.1"
201229,47,"AP3.2"
201229,124,"AP3.3"
201229,21,"AP4"
201229,61,"AP5.1"
201229,18,"AP5.2"
201229,16,"AP5.3"
201230,20,"AP1"
201230,62,"AP2.1"
201230,31,"AP2.2"
201230,47,"AP3.1"
201230,20,"AP3.2"
201230,77,"AP3.3"
201230,23,"AP4"
201230,29,"AP5.1"
201230,18,"AP5.2"
201230,6,"AP5.3"
201231,28,"AP1"
201231,105,"AP2.1"
201231,28,"AP2.2"
201231,63,"AP3.1"
201231,53,"AP3.2"
201231,75,"AP3.3"
201231,31,"AP4"
201231,60,"AP5.1"
201231,17,"AP5.2"
201231,9,"AP5.3"
201232,16,"AP1"
201232,83,"AP2.1"
201232,37,"AP2.2"
201232,71,"AP3.1"
201232,35,"AP3.2"
201232,61,"AP3.3"
201232,19,"AP4"
201232,51,"AP5.1"
201232,16,"AP5.2"
201232,14,"AP5.3"
201233,27,"AP1"
201233,78,"AP2.1"
201233,35,"AP2.2"
201233,61,"AP3.1"
201233,39,"AP3.2"
201233,83,"AP3.3"
201233,20,"AP4"
201233,52,"AP5.1"
201233,19,"AP5.2"
201233,10,"AP5.3"
201234,18,"AP1"
201234,62,"AP2.1"
201234,16,"AP2.2"
201234,52,"AP3.1"
201234,43,"AP3.2"
201234,50,"AP3.3"
201234,16,"AP4"
201234,55,"AP5.1"
201234,16,"AP5.2"
201234,13,"AP5.3"
201235,12,"AP1"
201235,56,"AP2.1"
201235,17,"AP2.2"
201235,23,"AP3.1"
201235,20,"AP3.2"
201235,45,"AP3.3"
201235,8,"AP4"
201235,32,"AP5.1"
201235,9,"AP5.2"
201235,9,"AP5.3"
201236,10,"AP1"
201236,39,"AP2.1"
201236,12,"AP2.2"
201236,25,"AP3.1"
201236,12,"AP3.2"
201236,22,"AP3.3"
201236,8,"AP4"
201236,30,"AP5.1"
201236,3,"AP5.2"
201236,6,"AP5.3"
201237,10,"AP1"
201237,41,"AP2.1"
201237,9,"AP2.2"
201237,23,"AP3.1"
201237,29,"AP3.2"
201237,34,"AP3.3"
201237,8,"AP4"
201237,29,"AP5.1"
201237,9,"AP5.2"
201237,2,"AP5.3"
201238,14,"AP1"
201238,37,"AP2.1"
201238,8,"AP2.2"
201238,33,"AP3.1"
201238,18,"AP3.2"
201238,25,"AP3.3"
201238,14,"AP4"
201238,19,"AP5.1"
201238,6,"AP5.2"
201238,7,"AP5.3"
201239,12,"AP1"
201239,25,"AP2.1"
201239,16,"AP2.2"
201239,17,"AP3.1"
201239,16,"AP3.2"
201239,25,"AP3.3"
201239,6,"AP4"
201239,19,"AP5.1"
201239,4,"AP5.2"
201239,4,"AP5.3"
201240,11,"AP1"
201240,35,"AP2.1"
201240,8,"AP2.2"
201240,17,"AP3.1"
201240,18,"AP3.2"
201240,21,"AP3.3"
201240,14,"AP4"
201240,24,"AP5.1"
201240,5,"AP5.2"
201240,2,"AP5.3"
201241,4,"AP1"
201241,43,"AP2.1"
201241,3,"AP2.2"
201241,14,"AP3.1"
201241,9,"AP3.2"
201241,27,"AP3.3"
201241,12,"AP4"
201241,19,"AP5.1"
201241,6,"AP5.2"
201241,1,"AP5.3"
201242,12,"AP1"
201242,39,"AP2.1"
201242,9,"AP2.2"
201242,10,"AP3.1"
201242,21,"AP3.2"
201242,39,"AP3.3"
201242,12,"AP4"
201242,16,"AP5.1"
201242,11,"AP5.2"
201242,1,"AP5.3"
201243,4,"AP1"
201243,53,"AP2.1"
201243,10,"AP2.2"
201243,22,"AP3.1"
201243,13,"AP3.2"
201243,18,"AP3.3"
201243,8,"AP4"
201243,37,"AP5.1"
201243,3,"AP5.2"
201243,1,"AP5.3"
201244,10,"AP1"
201244,29,"AP2.1"
201244,14,"AP2.2"
201244,12,"AP3.1"
201244,9,"AP3.2"
201244,24,"AP3.3"
201244,8,"AP4"
201244,38,"AP5.1"
201244,10,"AP5.2"
201244,1,"AP5.3"
201245,12,"AP1"
201245,25,"AP2.1"
201245,10,"AP2.2"
201245,28,"AP3.1"
201245,7,"AP3.2"
201245,20,"AP3.3"
201245,14,"AP4"
201245,31,"AP5.1"
201245,11,"AP5.2"
201245,1,"AP5.3"
201246,5,"AP1"
201246,41,"AP2.1"
201246,7,"AP2.2"
201246,17,"AP3.1"
201246,10,"AP3.2"
201246,10,"AP3.3"
201246,10,"AP4"
201246,23,"AP5.1"
201246,4,"AP5.2"
201246,2,"AP5.3"
201247,5,"AP1"
201247,39,"AP2.1"
201247,10,"AP2.2"
201247,13,"AP3.1"
201247,16,"AP3.2"
201247,20,"AP3.3"
201247,7,"AP4"
201247,31,"AP5.1"
201247,5,"AP5.2"
201247,0,"AP5.3"
201248,7,"AP1"
201248,53,"AP2.1"
201248,4,"AP2.2"
201248,19,"AP3.1"
201248,11,"AP3.2"
201248,27,"AP3.3"
201248,15,"AP4"
201248,42,"AP5.1"
201248,12,"AP5.2"
201248,1,"AP5.3"
201249,10,"AP1"
201249,37,"AP2.1"
201249,6,"AP2.2"
201249,32,"AP3.1"
201249,17,"AP3.2"
201249,21,"AP3.3"
201249,18,"AP4"
201249,24,"AP5.1"
201249,12,"AP5.2"
201249,8,"AP5.3"
201250,9,"AP1"
201250,36,"AP2.1"
201250,9,"AP2.2"
201250,21,"AP3.1"
201250,14,"AP3.2"
201250,31,"AP3.3"
201250,26,"AP4"
201250,29,"AP5.1"
201250,16,"AP5.2"
201250,7,"AP5.3"
201251,11,"AP1"
201251,38,"AP2.1"
201251,6,"AP2.2"
201251,21,"AP3.1"
201251,17,"AP3.2"
201251,16,"AP3.3"
201251,17,"AP4"
201251,27,"AP5.1"
201251,10,"AP5.2"
201251,6,"AP5.3"
201252,8,"AP1"
201252,60,"AP2.1"
201252,7,"AP2.2"
201252,13,"AP3.1"
201252,8,"AP3.2"
201252,8,"AP3.3"
201252,18,"AP4"
201252,27,"AP5.1"
201252,11,"AP5.2"
201252,7,"AP5.3"
201301,14,"AP1"
201301,101,"AP2.1"
201301,39,"AP2.2"
201301,21,"AP3.1"
201301,28,"AP3.2"
201301,34,"AP3.3"
201301,60,"AP4"
201301,47,"AP5.1"
201301,52,"AP5.2"
201301,16,"AP5.3"
201302,48,"AP1"
201302,160,"AP2.1"
201302,82,"AP2.2"
201302,56,"AP3.1"
201302,48,"AP3.2"
201302,52,"AP3.3"
201302,112,"AP4"
201302,74,"AP5.1"
201302,58,"AP5.2"
201302,16,"AP5.3"
201303,58,"AP1"
201303,160,"AP2.1"
201303,70,"AP2.2"
201303,54,"AP3.1"
201303,60,"AP3.2"
201303,54,"AP3.3"
201303,104,"AP4"
201303,78,"AP5.1"
201303,67,"AP5.2"
201303,22,"AP5.3"
201304,44,"AP1"
201304,220,"AP2.1"
201304,82,"AP2.2"
201304,65,"AP3.1"
201304,56,"AP3.2"
201304,78,"AP3.3"
201304,137,"AP4"
201304,93,"AP5.1"
201304,100,"AP5.2"
201304,35,"AP5.3"
201305,53,"AP1"
201305,265,"AP2.1"
201305,109,"AP2.2"
201305,85,"AP3.1"
201305,76,"AP3.2"
201305,137,"AP3.3"
201305,118,"AP4"
201305,107,"AP5.1"
201305,95,"AP5.2"
201305,42,"AP5.3"
201306,50,"AP1"
201306,210,"AP2.1"
201306,128,"AP2.2"
201306,100,"AP3.1"
201306,73,"AP3.2"
201306,110,"AP3.3"
201306,148,"AP4"
201306,100,"AP5.1"
201306,69,"AP5.2"
201306,42,"AP5.3"
201307,85,"AP1"
201307,239,"AP2.1"
201307,171,"AP2.2"
201307,127,"AP3.1"
201307,105,"AP3.2"
201307,145,"AP3.3"
201307,156,"AP4"
201307,190,"AP5.1"
201307,105,"AP5.2"
201307,30,"AP5.3"
201308,185,"AP1"
201308,446,"AP2.1"
201308,290,"AP2.2"
201308,219,"AP3.1"
201308,194,"AP3.2"
201308,252,"AP3.3"
201308,271,"AP4"
201308,348,"AP5.1"
201308,204,"AP5.2"
201308,92,"AP5.3"
201309,174,"AP1"
201309,519,"AP2.1"
201309,300,"AP2.2"
201309,293,"AP3.1"
201309,226,"AP3.2"
201309,278,"AP3.3"
201309,399,"AP4"
201309,366,"AP5.1"
201309,301,"AP5.2"
201309,123,"AP5.3"
201310,170,"AP1"
201310,529,"AP2.1"
201310,232,"AP2.2"
201310,336,"AP3.1"
201310,187,"AP3.2"
201310,320,"AP3.3"
201310,445,"AP4"
201310,388,"AP5.1"
201310,302,"AP5.2"
201310,164,"AP5.3"
201311,249,"AP1"
201311,753,"AP2.1"
201311,302,"AP2.2"
201311,429,"AP3.1"
201311,268,"AP3.2"
201311,477,"AP3.3"
201311,509,"AP4"
201311,518,"AP5.1"
201311,396,"AP5.2"
201311,206,"AP5.3"
201312,248,"AP1"
201312,638,"AP2.1"
201312,386,"AP2.2"
201312,413,"AP3.1"
201312,229,"AP3.2"
201312,453,"AP3.3"
201312,602,"AP4"
201312,571,"AP5.1"
201312,343,"AP5.2"
201312,207,"AP5.3"
201313,242,"AP1"
201313,693,"AP2.1"
201313,339,"AP2.2"
201313,473,"AP3.1"
201313,219,"AP3.2"
201313,432,"AP3.3"
201313,503,"AP4"
201313,452,"AP5.1"
201313,387,"AP5.2"
201313,155,"AP5.3"
201314,348,"AP1"
201314,892,"AP2.1"
201314,384,"AP2.2"
201314,517,"AP3.1"
201314,356,"AP3.2"
201314,585,"AP3.3"
201314,808,"AP4"
201314,540,"AP5.1"
201314,528,"AP5.2"
201314,158,"AP5.3"
201315,350,"AP1"
201315,971,"AP2.1"
201315,460,"AP2.2"
201315,459,"AP3.1"
201315,360,"AP3.2"
201315,541,"AP3.3"
201315,673,"AP4"
201315,574,"AP5.1"
201315,532,"AP5.2"
201315,195,"AP5.3"
201316,345,"AP1"
201316,820,"AP2.1"
201316,419,"AP2.2"
201316,355,"AP3.1"
201316,328,"AP3.2"
201316,399,"AP3.3"
201316,597,"AP4"
201316,413,"AP5.1"
201316,394,"AP5.2"
201316,170,"AP5.3"
201317,218,"AP1"
201317,631,"AP2.1"
201317,306,"AP2.2"
201317,222,"AP3.1"
201317,220,"AP3.2"
201317,297,"AP3.3"
201317,413,"AP4"
201317,280,"AP5.1"
201317,293,"AP5.2"
201317,109,"AP5.3"
201318,231,"AP1"
201318,528,"AP2.1"
201318,195,"AP2.2"
201318,183,"AP3.1"
201318,253,"AP3.2"
201318,388,"AP3.3"
201318,250,"AP4"
201318,418,"AP5.1"
201318,292,"AP5.2"
201318,109,"AP5.3"
201319,150,"AP1"
201319,386,"AP2.1"
201319,202,"AP2.2"
201319,106,"AP3.1"
201319,161,"AP3.2"
201319,236,"AP3.3"
201319,181,"AP4"
201319,232,"AP5.1"
201319,179,"AP5.2"
201319,102,"AP5.3"
201320,128,"AP1"
201320,252,"AP2.1"
201320,111,"AP2.2"
201320,80,"AP3.1"
201320,105,"AP3.2"
201320,158,"AP3.3"
201320,95,"AP4"
201320,161,"AP5.1"
201320,127,"AP5.2"
201320,57,"AP5.3"
201321,77,"AP1"
201321,153,"AP2.1"
201321,82,"AP2.2"
201321,68,"AP3.1"
201321,96,"AP3.2"
201321,148,"AP3.3"
201321,84,"AP4"
201321,121,"AP5.1"
201321,96,"AP5.2"
201321,38,"AP5.3"
201322,50,"AP1"
201322,101,"AP2.1"
201322,22,"AP2.2"
201322,57,"AP3.1"
201322,50,"AP3.2"
201322,82,"AP3.3"
201322,57,"AP4"
201322,76,"AP5.1"
201322,45,"AP5.2"
201322,31,"AP5.3"
201323,27,"AP1"
201323,87,"AP2.1"
201323,24,"AP2.2"
201323,41,"AP3.1"
201323,61,"AP3.2"
201323,75,"AP3.3"
201323,34,"AP4"
201323,61,"AP5.1"
201323,37,"AP5.2"
201323,21,"AP5.3"
201324,20,"AP1"
201324,61,"AP2.1"
201324,16,"AP2.2"
201324,31,"AP3.1"
201324,43,"AP3.2"
201324,64,"AP3.3"
201324,39,"AP4"
201324,57,"AP5.1"
201324,34,"AP5.2"
201324,18,"AP5.3"
201325,19,"AP1"
201325,42,"AP2.1"
201325,19,"AP2.2"
201325,18,"AP3.1"
201325,30,"AP3.2"
201325,43,"AP3.3"
201325,20,"AP4"
201325,52,"AP5.1"
201325,27,"AP5.2"
201325,24,"AP5.3"
201326,3,"AP1"
201326,41,"AP2.1"
201326,7,"AP2.2"
201326,15,"AP3.1"
201326,26,"AP3.2"
201326,27,"AP3.3"
201326,41,"AP4"
201326,31,"AP5.1"
201326,27,"AP5.2"
201326,17,"AP5.3"
201327,7,"AP1"
201327,31,"AP2.1"
201327,7,"AP2.2"
201327,15,"AP3.1"
201327,21,"AP3.2"
201327,38,"AP3.3"
201327,19,"AP4"
201327,28,"AP5.1"
201327,7,"AP5.2"
201327,13,"AP5.3"
201328,4,"AP1"
201328,16,"AP2.1"
201328,2,"AP2.2"
201328,7,"AP3.1"
201328,16,"AP3.2"
201328,28,"AP3.3"
201328,29,"AP4"
201328,24,"AP5.1"
201328,6,"AP5.2"
201328,5,"AP5.3"
201329,7,"AP1"
201329,22,"AP2.1"
201329,1,"AP2.2"
201329,11,"AP3.1"
201329,8,"AP3.2"
201329,20,"AP3.3"
201329,19,"AP4"
201329,17,"AP5.1"
201329,10,"AP5.2"
201329,9,"AP5.3"
201330,2,"AP1"
201330,10,"AP2.1"
201330,5,"AP2.2"
201330,6,"AP3.1"
201330,7,"AP3.2"
201330,9,"AP3.3"
201330,8,"AP4"
201330,10,"AP5.1"
201330,1,"AP5.2"
201330,4,"AP5.3"
201331,8,"AP1"
201331,17,"AP2.1"
201331,4,"AP2.2"
201331,5,"AP3.1"
201331,6,"AP3.2"
201331,7,"AP3.3"
201331,11,"AP4"
201331,7,"AP5.1"
201331,11,"AP5.2"
201331,3,"AP5.3"
201332,2,"AP1"
201332,8,"AP2.1"
201332,4,"AP2.2"
201332,4,"AP3.1"
201332,4,"AP3.2"
201332,4,"AP3.3"
201332,11,"AP4"
201332,9,"AP5.1"
201332,9,"AP5.2"
201332,3,"AP5.3"
201333,0,"AP1"
201333,11,"AP2.1"
201333,1,"AP2.2"
201333,3,"AP3.1"
201333,3,"AP3.2"
201333,9,"AP3.3"
201333,2,"AP4"
201333,4,"AP5.1"
201333,8,"AP5.2"
201333,2,"AP5.3"
201334,3,"AP1"
201334,7,"AP2.1"
201334,0,"AP2.2"
201334,2,"AP3.1"
201334,11,"AP3.2"
201334,5,"AP3.3"
201334,2,"AP4"
201334,13,"AP5.1"
201334,5,"AP5.2"
201334,5,"AP5.3"
201335,0,"AP1"
201335,3,"AP2.1"
201335,0,"AP2.2"
201335,1,"AP3.1"
201335,2,"AP3.2"
201335,4,"AP3.3"
201335,3,"AP4"
201335,11,"AP5.1"
201335,10,"AP5.2"
201335,1,"AP5.3"
201336,4,"AP1"
201336,14,"AP2.1"
201336,1,"AP2.2"
201336,1,"AP3.1"
201336,2,"AP3.2"
201336,6,"AP3.3"
201336,4,"AP4"
201336,7,"AP5.1"
201336,5,"AP5.2"
201336,2,"AP5.3"
201337,4,"AP1"
201337,7,"AP2.1"
201337,2,"AP2.2"
201337,0,"AP3.1"
201337,6,"AP3.2"
201337,6,"AP3.3"
201337,4,"AP4"
201337,8,"AP5.1"
201337,3,"AP5.2"
201337,14,"AP5.3"
201338,1,"AP1"
201338,6,"AP2.1"
201338,2,"AP2.2"
201338,1,"AP3.1"
201338,4,"AP3.2"
201338,11,"AP3.3"
201338,2,"AP4"
201338,6,"AP5.1"
201338,1,"AP5.2"
201338,5,"AP5.3"
201339,6,"AP1"
201339,8,"AP2.1"
201339,4,"AP2.2"
201339,4,"AP3.1"
201339,7,"AP3.2"
201339,5,"AP3.3"
201339,8,"AP4"
201339,10,"AP5.1"
201339,2,"AP5.2"
201339,9,"AP5.3"
201340,0,"AP1"
201340,5,"AP2.1"
201340,1,"AP2.2"
201340,3,"AP3.1"
201340,1,"AP3.2"
201340,14,"AP3.3"
201340,10,"AP4"
201340,4,"AP5.1"
201340,3,"AP5.2"
201340,5,"AP5.3"
201341,2,"AP1"
201341,6,"AP2.1"
201341,2,"AP2.2"
201341,1,"AP3.1"
201341,6,"AP3.2"
201341,8,"AP3.3"
201341,4,"AP4"
201341,9,"AP5.1"
201341,3,"AP5.2"
201341,3,"AP5.3"
201342,2,"AP1"
201342,7,"AP2.1"
201342,3,"AP2.2"
201342,2,"AP3.1"
201342,3,"AP3.2"
201342,6,"AP3.3"
201342,9,"AP4"
201342,11,"AP5.1"
201342,1,"AP5.2"
201342,3,"AP5.3"
201343,1,"AP1"
201343,7,"AP2.1"
201343,0,"AP2.2"
201343,3,"AP3.1"
201343,2,"AP3.2"
201343,16,"AP3.3"
201343,11,"AP4"
201343,12,"AP5.1"
201343,2,"AP5.2"
201343,4,"AP5.3"
201344,2,"AP1"
201344,14,"AP2.1"
201344,0,"AP2.2"
201344,1,"AP3.1"
201344,5,"AP3.2"
201344,8,"AP3.3"
201344,6,"AP4"
201344,8,"AP5.1"
201344,2,"AP5.2"
201344,8,"AP5.3"
201345,2,"AP1"
201345,6,"AP2.1"
201345,3,"AP2.2"
201345,1,"AP3.1"
201345,3,"AP3.2"
201345,5,"AP3.3"
201345,6,"AP4"
201345,8,"AP5.1"
201345,3,"AP5.2"
201345,1,"AP5.3"
201346,2,"AP1"
201346,8,"AP2.1"
201346,2,"AP2.2"
201346,4,"AP3.1"
201346,6,"AP3.2"
201346,3,"AP3.3"
201346,4,"AP4"
201346,9,"AP5.1"
201346,3,"AP5.2"
201346,1,"AP5.3"
201347,4,"AP1"
201347,17,"AP2.1"
201347,3,"AP2.2"
201347,3,"AP3.1"
201347,4,"AP3.2"
201347,15,"AP3.3"
201347,8,"AP4"
201347,10,"AP5.1"
201347,1,"AP5.2"
201347,0,"AP5.3"
201348,3,"AP1"
201348,21,"AP2.1"
201348,0,"AP2.2"
201348,5,"AP3.1"
201348,13,"AP3.2"
201348,11,"AP3.3"
201348,17,"AP4"
201348,14,"AP5.1"
201348,2,"AP5.2"
201348,2,"AP5.3"
201349,6,"AP1"
201349,18,"AP2.1"
201349,0,"AP2.2"
201349,2,"AP3.1"
201349,15,"AP3.2"
201349,20,"AP3.3"
201349,16,"AP4"
201349,10,"AP5.1"
201349,1,"AP5.2"
201349,4,"AP5.3"
201350,2,"AP1"
201350,12,"AP2.1"
201350,3,"AP2.2"
201350,3,"AP3.1"
201350,6,"AP3.2"
201350,11,"AP3.3"
201350,13,"AP4"
201350,10,"AP5.1"
201350,1,"AP5.2"
201350,1,"AP5.3"
201351,3,"AP1"
201351,2,"AP2.1"
201351,1,"AP2.2"
201351,2,"AP3.1"
201351,4,"AP3.2"
201351,2,"AP3.3"
201351,5,"AP4"
201351,5,"AP5.1"
201351,1,"AP5.2"
201351,0,"AP5.3"
201352,0,"AP1"
201352,0,"AP2.1"
201352,0,"AP2.2"
201352,0,"AP3.1"
201352,1,"AP3.2"
201352,1,"AP3.3"
201352,0,"AP4"
201352,0,"AP5.1"
201352,1,"AP5.2"
201352,0,"AP5.3"
201401,0,"AP1"
201401,0,"AP2.1"
201401,0,"AP2.2"
201401,0,"AP3.1"
201401,0,"AP3.2"
201401,0,"AP3.3"
201401,0,"AP4"
201401,0,"AP5.1"
201401,0,"AP5.2"
201401,0,"AP5.3"
201401,2,"AP1"
201401,8,"AP2.1"
201401,6,"AP2.2"
201401,10,"AP3.1"
201401,7,"AP3.2"
201401,9,"AP3.3"
201401,0,"AP4"
201401,14,"AP5.1"
201401,4,"AP5.2"
201401,1,"AP5.3"
201402,7,"AP1"
201402,6,"AP2.1"
201402,10,"AP2.2"
201402,21,"AP3.1"
201402,16,"AP3.2"
201402,10,"AP3.3"
201402,20,"AP4"
201402,18,"AP5.1"
201402,5,"AP5.2"
201402,3,"AP5.3"
201403,4,"AP1"
201403,6,"AP2.1"
201403,9,"AP2.2"
201403,18,"AP3.1"
201403,10,"AP3.2"
201403,10,"AP3.3"
201403,6,"AP4"
201403,23,"AP5.1"
201403,14,"AP5.2"
201403,4,"AP5.3"
201404,7,"AP1"
201404,11,"AP2.1"
201404,9,"AP2.2"
201404,28,"AP3.1"
201404,6,"AP3.2"
201404,8,"AP3.3"
201404,11,"AP4"
201404,14,"AP5.1"
201404,11,"AP5.2"
201404,0,"AP5.3"
201405,4,"AP1"
201405,5,"AP2.1"
201405,4,"AP2.2"
201405,18,"AP3.1"
201405,13,"AP3.2"
201405,7,"AP3.3"
201405,10,"AP4"
201405,17,"AP5.1"
201405,7,"AP5.2"
201405,2,"AP5.3"
201406,10,"AP1"
201406,8,"AP2.1"
201406,2,"AP2.2"
201406,10,"AP3.1"
201406,8,"AP3.2"
201406,8,"AP3.3"
201406,14,"AP4"
201406,18,"AP5.1"
201406,3,"AP5.2"
201406,5,"AP5.3"
201407,3,"AP1"
201407,8,"AP2.1"
201407,10,"AP2.2"
201407,8,"AP3.1"
201407,8,"AP3.2"
201407,9,"AP3.3"
201407,8,"AP4"
201407,16,"AP5.1"
201407,6,"AP5.2"
201407,6,"AP5.3"
201408,2,"AP1"
201408,9,"AP2.1"
201408,9,"AP2.2"
201408,7,"AP3.1"
201408,12,"AP3.2"
201408,4,"AP3.3"
201408,3,"AP4"
201408,17,"AP5.1"
201408,16,"AP5.2"
201408,3,"AP5.3"
201409,3,"AP1"
201409,14,"AP2.1"
201409,8,"AP2.2"
201409,3,"AP3.1"
201409,4,"AP3.2"
201409,5,"AP3.3"
201409,3,"AP4"
201409,10,"AP5.1"
201409,1,"AP5.2"
201409,0,"AP5.3"
201410,2,"AP1"
201410,4,"AP2.1"
201410,6,"AP2.2"
201410,1,"AP3.1"
201410,6,"AP3.2"
201410,12,"AP3.3"
201410,4,"AP4"
201410,14,"AP5.1"
201410,6,"AP5.2"
201410,2,"AP5.3"
201411,2,"AP1"
201411,4,"AP2.1"
201411,6,"AP2.2"
201411,4,"AP3.1"
201411,3,"AP3.2"
201411,6,"AP3.3"
201411,5,"AP4"
201411,10,"AP5.1"
201411,6,"AP5.2"
201411,3,"AP5.3"
201412,7,"AP1"
201412,8,"AP2.1"
201412,6,"AP2.2"
201412,8,"AP3.1"
201412,7,"AP3.2"
201412,9,"AP3.3"
201412,5,"AP4"
201412,12,"AP5.1"
201412,3,"AP5.2"
201412,2,"AP5.3"
201413,6,"AP1"
201413,5,"AP2.1"
201413,3,"AP2.2"
201413,5,"AP3.1"
201413,5,"AP3.2"
201413,7,"AP3.3"
201413,5,"AP4"
201413,14,"AP5.1"
201413,8,"AP5.2"
201413,5,"AP5.3"
201414,4,"AP1"
201414,3,"AP2.1"
201414,1,"AP2.2"
201414,2,"AP3.1"
201414,1,"AP3.2"
201414,5,"AP3.3"
201414,7,"AP4"
201414,12,"AP5.1"
201414,3,"AP5.2"
201414,4,"AP5.3"
201415,2,"AP1"
201415,7,"AP2.1"
201415,0,"AP2.2"
201415,3,"AP3.1"
201415,0,"AP3.2"
201415,10,"AP3.3"
201415,5,"AP4"
201415,16,"AP5.1"
201415,5,"AP5.2"
201415,10,"AP5.3"
201416,3,"AP1"
201416,5,"AP2.1"
201416,0,"AP2.2"
201416,1,"AP3.1"
201416,2,"AP3.2"
201416,9,"AP3.3"
201416,1,"AP4"
201416,3,"AP5.1"
201416,2,"AP5.2"
201416,3,"AP5.3"
201417,1,"AP1"
201417,1,"AP2.1"
201417,2,"AP2.2"
201417,0,"AP3.1"
201417,0,"AP3.2"
201417,1,"AP3.3"
201417,2,"AP4"
201417,4,"AP5.1"
201417,2,"AP5.2"
201417,1,"AP5.3"
201418,0,"AP1"
201418,0,"AP2.1"
201418,0,"AP2.2"
201418,0,"AP3.1"
201418,0,"AP3.2"
201418,0,"AP3.3"
201418,0,"AP4"
201418,0,"AP5.1"
201418,0,"AP5.2"
201418,0,"AP5.3"
